"Column 3";"Column 4";"Column 5"
"https://www.linkedin.com/sales/people/ACwAAAbXGuYBFc3ZRWX1YFMSADfEXspwtPe0hSA";"OUT_OF_NETWORK";"nltR?_ntb=sFxGsyzlQ8uOeKimZjpOPA%3D%3D"
"https://www.linkedin.com/sales/people/ACwAABZrvroBuJQknlN5SVFub-QFeHPnFDyXBRA";"OUT_OF_NETWORK";"_ygR?_ntb=sFxGsyzlQ8uOeKimZjpOPA%3D%3D"
"https://www.linkedin.com/sales/people/ACwAACmtZ8gBHeKP1PRHToD8J-sXlcGAyEGbArA";"OUT_OF_NETWORK";"iDaB?_ntb=sFxGsyzlQ8uOeKimZjpOPA%3D%3D"
"https://www.linkedin.com/sales/people/ACwAAAOfVskByHOsdwp7F1oG57rwzwpSt5WxAwY";"OUT_OF_NETWORK";"MirM?_ntb=sFxGsyzlQ8uOeKimZjpOPA%3D%3D"
"https://www.linkedin.com/sales/people/ACwAABWnu4AB7wQtjhlO1GcLcFE_ue0khjIkVRs";"OUT_OF_NETWORK";"nrsE?_ntb=sFxGsyzlQ8uOeKimZjpOPA%3D%3D"
"https://www.linkedin.com/sales/people/ACwAAAbURe0B8ijf2OVNv2h3m5UTfleZWaAg8O8";"OUT_OF_NETWORK";"LVap?_ntb=sFxGsyzlQ8uOeKimZjpOPA%3D%3D"
"https://www.linkedin.com/sales/people/ACwAABz0AeYBToCVdlzz3vnIOPt0SSNjsgq2pdU";"OUT_OF_NETWORK";"J2Q3?_ntb=sFxGsyzlQ8uOeKimZjpOPA%3D%3D"
"https://www.linkedin.com/sales/people/ACwAABS_vmEB3JPNy3Fcl8-ZdMAaBYgf4jwcjzg";"OUT_OF_NETWORK";"lULy?_ntb=sFxGsyzlQ8uOeKimZjpOPA%3D%3D"
"https://www.linkedin.com/sales/people/ACwAAC2APXABuXR061zsZ6Sqa38WIzJj_JKHg4g";"OUT_OF_NETWORK";"aOXb?_ntb=sFxGsyzlQ8uOeKimZjpOPA%3D%3D"
"https://www.linkedin.com/sales/people/ACwAABZ98n8BAVWRNacFJFxSzp9K7EOxAxc911I";"OUT_OF_NETWORK";"IdPO?_ntb=sFxGsyzlQ8uOeKimZjpOPA%3D%3D"
"https://www.linkedin.com/sales/people/ACwAABDn2i8BZ17LUvP0h9MjcZuOkioJnR5M5cs";"OUT_OF_NETWORK";"QuuD?_ntb=sFxGsyzlQ8uOeKimZjpOPA%3D%3D"
"https://www.linkedin.com/sales/people/ACwAAAkCLj4BOw4Bm2HVozwRDHf5z2aEjefLgUQ";"OUT_OF_NETWORK";"cU2B?_ntb=sFxGsyzlQ8uOeKimZjpOPA%3D%3D"
"https://www.linkedin.com/sales/people/ACwAAA2XHjIBFrVoexC9pe6es8FfsW-AHqXi-bA";"OUT_OF_NETWORK";"6l4n?_ntb=sFxGsyzlQ8uOeKimZjpOPA%3D%3D"
"https://www.linkedin.com/sales/people/ACwAACW9BKYBHwTnFo-TrhJueGyiStu4Iik8UXc";"OUT_OF_NETWORK";"1XXi?_ntb=sFxGsyzlQ8uOeKimZjpOPA%3D%3D"
"https://www.linkedin.com/sales/people/ACwAAAUgnnkBTxs0dA6iE0bNcwWhngxBir7AmeE";"OUT_OF_NETWORK";"0dOo?_ntb=sFxGsyzlQ8uOeKimZjpOPA%3D%3D"
"https://www.linkedin.com/sales/people/ACwAAAeQ-N8BKvmj2LQbVEm2bqJirJvBA386yn4";"OUT_OF_NETWORK";"yTm4?_ntb=sFxGsyzlQ8uOeKimZjpOPA%3D%3D"
"https://www.linkedin.com/sales/people/ACwAAAvfuG0B7UQtWl6SUUMiqaYKIYGX7WZtDLQ";"OUT_OF_NETWORK";"8TUa?_ntb=sFxGsyzlQ8uOeKimZjpOPA%3D%3D"
"https://www.linkedin.com/sales/people/ACwAAAWnK5QB5iRBUYum9FECC0NpOpeam0SNAGs";"OUT_OF_NETWORK";"pzS4?_ntb=sFxGsyzlQ8uOeKimZjpOPA%3D%3D"
"https://www.linkedin.com/sales/people/ACwAAAOBFkoB_eJ9fJqPelZKPDrBmG4PeZkluwo";"OUT_OF_NETWORK";"EwqU?_ntb=sFxGsyzlQ8uOeKimZjpOPA%3D%3D"
"https://www.linkedin.com/sales/people/ACwAABr-l4YB03DCnNO1j6i-DLeYe7LWMeQ22NQ";"OUT_OF_NETWORK";"6f_E?_ntb=sFxGsyzlQ8uOeKimZjpOPA%3D%3D"
"https://www.linkedin.com/sales/people/ACwAABvGDWUBM3jMWpnAoctaqqebkVeIiPVj2t0";"OUT_OF_NETWORK";"Jh6W?_ntb=sFxGsyzlQ8uOeKimZjpOPA%3D%3D"
"https://www.linkedin.com/sales/people/ACwAAAnbSIQBli-fjASIrMQil1yWHnhwYpMHPhw";"OUT_OF_NETWORK";"JxkB?_ntb=sFxGsyzlQ8uOeKimZjpOPA%3D%3D"
"https://www.linkedin.com/sales/people/ACwAAA9ujqMB_B18wQ6eTjt71jJBRoCoklJyXOY";"OUT_OF_NETWORK";"x3Er?_ntb=sFxGsyzlQ8uOeKimZjpOPA%3D%3D"
"https://www.linkedin.com/sales/people/ACwAAAJjB28BKBmHwv4sb2LALhglK_SOHH9Z8oc";"OUT_OF_NETWORK";"WpWm?_ntb=sFxGsyzlQ8uOeKimZjpOPA%3D%3D"
"https://www.linkedin.com/sales/people/ACwAACb38KMBEPbJPk9gpdexdtCNvocm3bxgJVE";"OUT_OF_NETWORK";"rqP5?_ntb=sFxGsyzlQ8uOeKimZjpOPA%3D%3D"
