"https://www.linkedin.com/sales/people/ACwAAAN3d_QBW1XN3EUB62Dvq4D6ZuHhIxubV7o,NAME_SEARCH,48r4?_ntb=sFxGsyzlQ8uOeKimZjpOPA%3D%3D&lipi=urn%3Ali%3Apage%3Ad_sales2_search_people_history%3B3rJMi5n0QRSVPizdnT2LeQ%3D%3D"
"https://www.linkedin.com/sales/people/ACwAAAPI4rEB-ZRV3U_xYAHkSDJBs4-elWFtTyg,NAME_SEARCH,ZZz1?_ntb=sFxGsyzlQ8uOeKimZjpOPA%3D%3D&lipi=urn%3Ali%3Apage%3Ad_sales2_search_people_history%3B3rJMi5n0QRSVPizdnT2LeQ%3D%3D"
"https://www.linkedin.com/sales/people/ACwAADHmyRcBlEbNEYF1DSaIOLJ58D7XpqQXKFg,OUT_OF_NETWORK,-let?_ntb=sFxGsyzlQ8uOeKimZjpOPA%3D%3D&lipi=urn%3Ali%3Apage%3Ad_sales2_search_people_history%3B3rJMi5n0QRSVPizdnT2LeQ%3D%3D"
"https://www.linkedin.com/sales/people/ACwAACwrHUIBbJbyacxuF4uZZu3i6OI5F70lIDY,OUT_OF_NETWORK,63f8?_ntb=sFxGsyzlQ8uOeKimZjpOPA%3D%3D&lipi=urn%3Ali%3Apage%3Ad_sales2_search_people_history%3B3rJMi5n0QRSVPizdnT2LeQ%3D%3D"
"https://www.linkedin.com/sales/people/ACwAAAZD0vwBIUCLZ84KpaQk4azm_qTa7LTYO6c,OUT_OF_NETWORK,Nx1i?_ntb=sFxGsyzlQ8uOeKimZjpOPA%3D%3D&lipi=urn%3Ali%3Apage%3Ad_sales2_search_people_history%3B3rJMi5n0QRSVPizdnT2LeQ%3D%3D"
"https://www.linkedin.com/sales/people/ACwAAAQ6zYABDSvF_TwSMHI3paikm7vaub-m6Qk,OUT_OF_NETWORK,wqbJ?_ntb=sFxGsyzlQ8uOeKimZjpOPA%3D%3D&lipi=urn%3Ali%3Apage%3Ad_sales2_search_people_history%3B3rJMi5n0QRSVPizdnT2LeQ%3D%3D"
"https://www.linkedin.com/sales/people/ACwAACQ32ooBvdRzc7FoMmhBYbZjqowVVCRSfWc,NAME_SEARCH,PuLy?_ntb=sFxGsyzlQ8uOeKimZjpOPA%3D%3D&lipi=urn%3Ali%3Apage%3Ad_sales2_search_people_history%3B3rJMi5n0QRSVPizdnT2LeQ%3D%3D"
"https://www.linkedin.com/sales/people/ACwAACOW0bUBL1eEtEMPBdZirU7IGli6Qg2c21k,OUT_OF_NETWORK,knxr?_ntb=sFxGsyzlQ8uOeKimZjpOPA%3D%3D&lipi=urn%3Ali%3Apage%3Ad_sales2_search_people_history%3B3rJMi5n0QRSVPizdnT2LeQ%3D%3D"
"https://www.linkedin.com/sales/people/ACwAAB8isUUBZXMEOKhV2LsAA_k0ovHAXy8uP5o,OUT_OF_NETWORK,YkpP?_ntb=sFxGsyzlQ8uOeKimZjpOPA%3D%3D&lipi=urn%3Ali%3Apage%3Ad_sales2_search_people_history%3B3rJMi5n0QRSVPizdnT2LeQ%3D%3D"
"https://www.linkedin.com/sales/people/ACwAAADAkacBZlO8ASbtXmry9ykg8QPK3l5p0GI,OUT_OF_NETWORK,X8Fm?_ntb=sFxGsyzlQ8uOeKimZjpOPA%3D%3D&lipi=urn%3Ali%3Apage%3Ad_sales2_search_people_history%3B3rJMi5n0QRSVPizdnT2LeQ%3D%3D"
"https://www.linkedin.com/sales/people/ACwAAAgAi64BJ639a5F_eNQx2HnIAF-n_kTm4gw,OUT_OF_NETWORK,VZJy?_ntb=sFxGsyzlQ8uOeKimZjpOPA%3D%3D&lipi=urn%3Ali%3Apage%3Ad_sales2_search_people_history%3B3rJMi5n0QRSVPizdnT2LeQ%3D%3D"
"https://www.linkedin.com/sales/people/ACwAAAxxqPgB5zGpoXvAkekRBMgvzcsPixH_-Ms,OUT_OF_NETWORK,50qs?_ntb=sFxGsyzlQ8uOeKimZjpOPA%3D%3D&lipi=urn%3Ali%3Apage%3Ad_sales2_search_people_history%3B3rJMi5n0QRSVPizdnT2LeQ%3D%3D"
"https://www.linkedin.com/sales/people/ACwAAAcMpFkBsSYltFBRxdg73OOOhGW04ydJLnw,NAME_SEARCH,4OFS?_ntb=sFxGsyzlQ8uOeKimZjpOPA%3D%3D&lipi=urn%3Ali%3Apage%3Ad_sales2_search_people_history%3B3rJMi5n0QRSVPizdnT2LeQ%3D%3D"
"https://www.linkedin.com/sales/people/ACwAAB-ZB_0BppbvJhnb3_BrY_Z8ehr9iggiPCw,OUT_OF_NETWORK,5KDJ?_ntb=sFxGsyzlQ8uOeKimZjpOPA%3D%3D&lipi=urn%3Ali%3Apage%3Ad_sales2_search_people_history%3B3rJMi5n0QRSVPizdnT2LeQ%3D%3D"
"https://www.linkedin.com/sales/people/ACwAABszI0IB5xgT1S_I6coz_k0ihJLZhZEhVLA,OUT_OF_NETWORK,zLa5?_ntb=sFxGsyzlQ8uOeKimZjpOPA%3D%3D&lipi=urn%3Ali%3Apage%3Ad_sales2_search_people_history%3B3rJMi5n0QRSVPizdnT2LeQ%3D%3D"
"https://www.linkedin.com/sales/people/ACwAADGFYtwBqJqjD90jUU7FlfWV-bKFh92xSeM,OUT_OF_NETWORK,MGJg?_ntb=sFxGsyzlQ8uOeKimZjpOPA%3D%3D&lipi=urn%3Ali%3Apage%3Ad_sales2_search_people_history%3B3rJMi5n0QRSVPizdnT2LeQ%3D%3D"
"https://www.linkedin.com/sales/people/ACwAACoGCyIBYBx0XsoWB8uUnNGV1J7BlB2c7Yc,NAME_SEARCH,OtU6?_ntb=sFxGsyzlQ8uOeKimZjpOPA%3D%3D&lipi=urn%3Ali%3Apage%3Ad_sales2_search_people_history%3B3rJMi5n0QRSVPizdnT2LeQ%3D%3D"
"https://www.linkedin.com/sales/people/ACwAAC1uONMBK1im0D5twY0v2VFb0EsxFtPOoqA,OUT_OF_NETWORK,94oX?_ntb=sFxGsyzlQ8uOeKimZjpOPA%3D%3D&lipi=urn%3Ali%3Apage%3Ad_sales2_search_people_history%3B3rJMi5n0QRSVPizdnT2LeQ%3D%3D"
"https://www.linkedin.com/sales/people/ACwAABcN6wMBeTPDH5Cv2zY6yje9ifE4TU7cQcg,OUT_OF_NETWORK,L-8h?_ntb=sFxGsyzlQ8uOeKimZjpOPA%3D%3D&lipi=urn%3Ali%3Apage%3Ad_sales2_search_people_history%3B3rJMi5n0QRSVPizdnT2LeQ%3D%3D"
"https://www.linkedin.com/sales/people/ACwAAAugBPQByY4_2-SkGUI-BbdMkKCulcH_mcY,OUT_OF_NETWORK,AbuB?_ntb=sFxGsyzlQ8uOeKimZjpOPA%3D%3D&lipi=urn%3Ali%3Apage%3Ad_sales2_search_people_history%3B3rJMi5n0QRSVPizdnT2LeQ%3D%3D"
"https://www.linkedin.com/sales/people/ACwAABtZv04BszPwjD9LrX8zc28rADVh8vwE5no,OUT_OF_NETWORK,gHKv?_ntb=sFxGsyzlQ8uOeKimZjpOPA%3D%3D&lipi=urn%3Ali%3Apage%3Ad_sales2_search_people_history%3B3rJMi5n0QRSVPizdnT2LeQ%3D%3D"
"https://www.linkedin.com/sales/people/ACwAAA1x2cABI5sABvl1nfryOOJPaR3Vc35qeB0,NAME_SEARCH,HC6J?_ntb=sFxGsyzlQ8uOeKimZjpOPA%3D%3D&lipi=urn%3Ali%3Apage%3Ad_sales2_search_people_history%3B3rJMi5n0QRSVPizdnT2LeQ%3D%3D"
"https://www.linkedin.com/sales/people/ACwAAC9gFw4Bvz4lEed0TwCb4h83dV0GfsoNKjE,OUT_OF_NETWORK,fwDN?_ntb=sFxGsyzlQ8uOeKimZjpOPA%3D%3D&lipi=urn%3Ali%3Apage%3Ad_sales2_search_people_history%3B3rJMi5n0QRSVPizdnT2LeQ%3D%3D"
"https://www.linkedin.com/sales/people/ACwAACGkjcABW-zcwMh8RsTLyBI6TCSNqdELTkE,OUT_OF_NETWORK,vkVh?_ntb=sFxGsyzlQ8uOeKimZjpOPA%3D%3D&lipi=urn%3Ali%3Apage%3Ad_sales2_search_people_history%3B3rJMi5n0QRSVPizdnT2LeQ%3D%3D"
"https://www.linkedin.com/sales/people/ACwAAC2hsW0BzVIlLQTSw02Cs4vvWqR4RepnK-A,OUT_OF_NETWORK,-OjH?_ntb=sFxGsyzlQ8uOeKimZjpOPA%3D%3D&lipi=urn%3Ali%3Apage%3Ad_sales2_search_people_history%3B3rJMi5n0QRSVPizdnT2LeQ%3D%3D"
