"https://www.linkedin.com/sales/people/ACwAAApYOmYBt_vXoWmc68XUTcnrTVrEqwnA-UE,OUT_OF_NETWORK,vPk5?_ntb=sFxGsyzlQ8uOeKimZjpOPA%3D%3D"
"https://www.linkedin.com/sales/people/ACwAAAMDkX0BUjQ-Et7bRZytxx-QwWF9o_v6O1w,OUT_OF_NETWORK,w3cT?_ntb=sFxGsyzlQ8uOeKimZjpOPA%3D%3D"
"https://www.linkedin.com/sales/people/ACwAABLixDoB1D_SwbnIS5HpjzRiylma6B_moCY,OUT_OF_NETWORK,pJyO?_ntb=sFxGsyzlQ8uOeKimZjpOPA%3D%3D"
"https://www.linkedin.com/sales/people/ACwAACuuTzwBT-cG9R_e8uZGC3Y8kf5KWtGzrHA,OUT_OF_NETWORK,RGt9?_ntb=sFxGsyzlQ8uOeKimZjpOPA%3D%3D"
"https://www.linkedin.com/sales/people/ACwAAArpI-kB00l1cHLJEEsDIpGuR_PoVAvzyOo,OUT_OF_NETWORK,Qxk7?_ntb=sFxGsyzlQ8uOeKimZjpOPA%3D%3D"
"https://www.linkedin.com/sales/people/ACwAACBSNTYB4fvTmypdEhITDaD1NCWcqGuH-SE,OUT_OF_NETWORK,XwMB?_ntb=sFxGsyzlQ8uOeKimZjpOPA%3D%3D"
"https://www.linkedin.com/sales/people/ACwAAAbvJu0BOS2e6A5CNb3KYazcOPK52vrR8ks,OUT_OF_NETWORK,0dEZ?_ntb=sFxGsyzlQ8uOeKimZjpOPA%3D%3D"
"https://www.linkedin.com/sales/people/ACwAACJNGKgBdvWvmvsUEWUa4WeJfg8dcWsByBM,OUT_OF_NETWORK,ShCZ?_ntb=sFxGsyzlQ8uOeKimZjpOPA%3D%3D"
"https://www.linkedin.com/sales/people/ACwAACk-iIsBsrJyLeUYI9p7rPb17ubfO2xae7A,OUT_OF_NETWORK,jVGI?_ntb=sFxGsyzlQ8uOeKimZjpOPA%3D%3D"
"https://www.linkedin.com/sales/people/ACwAAAoOUc4B5yyd4eg9lOWu9TGUk4RZGkkJN3Y,OUT_OF_NETWORK,tHma?_ntb=sFxGsyzlQ8uOeKimZjpOPA%3D%3D"
"https://www.linkedin.com/sales/people/ACwAADKrSJwBhuWeve794VVPUkxpzmFe_DGynA0,OUT_OF_NETWORK,uC6h?_ntb=sFxGsyzlQ8uOeKimZjpOPA%3D%3D"
"https://www.linkedin.com/sales/people/ACwAABaHO3IBmM-2aLRaLSWzObZ0_GT0E4MBOZs,OUT_OF_NETWORK,LHnu?_ntb=sFxGsyzlQ8uOeKimZjpOPA%3D%3D"
"https://www.linkedin.com/sales/people/ACwAAAG-LZIBcqmoVU3WST501JsaOf7Sr21YbJk,OUT_OF_NETWORK,l7ja?_ntb=sFxGsyzlQ8uOeKimZjpOPA%3D%3D"
"https://www.linkedin.com/sales/people/ACwAADUeJz8BW9VxnVwDFSjaAkcG5FvWTgyDIZI,OUT_OF_NETWORK,CU05?_ntb=sFxGsyzlQ8uOeKimZjpOPA%3D%3D"
"https://www.linkedin.com/sales/people/ACwAAAu_w7gBcvEaoG5Yquw-i1dGg-hjKlBP6_Y,OUT_OF_NETWORK,bbyE?_ntb=sFxGsyzlQ8uOeKimZjpOPA%3D%3D"
"https://www.linkedin.com/sales/people/ACwAADTGgqcB8yYI6O5V5Y9rf8jPKZroibjaons,NAME_SEARCH,O7vv?_ntb=sFxGsyzlQ8uOeKimZjpOPA%3D%3D"
"https://www.linkedin.com/sales/people/ACwAAB23QZ4BXciflKY_Ssk2BwuYQ8jbt98aiic,OUT_OF_NETWORK,NPRH?_ntb=sFxGsyzlQ8uOeKimZjpOPA%3D%3D"
"https://www.linkedin.com/sales/people/ACwAAAExhdwBhiTBjao4CJgwrN19B3FBuRdG-WI,NAME_SEARCH,KJjT?_ntb=sFxGsyzlQ8uOeKimZjpOPA%3D%3D"
"https://www.linkedin.com/sales/people/ACwAAB-dbAIBQP5xrT8Oh0yMTDCH00yRe1IpOjA,OUT_OF_NETWORK,AoEk?_ntb=sFxGsyzlQ8uOeKimZjpOPA%3D%3D"
"https://www.linkedin.com/sales/people/ACwAACNQrKUBX-tzrzaFhW0PigYaC6SwcdO7Xxo,OUT_OF_NETWORK,x0ei?_ntb=sFxGsyzlQ8uOeKimZjpOPA%3D%3D"
"https://www.linkedin.com/sales/people/ACwAAC-a3b8BO6Gp44blX4OlBVTk36I70pAoRGU,OUT_OF_NETWORK,fpFf?_ntb=sFxGsyzlQ8uOeKimZjpOPA%3D%3D"
"https://www.linkedin.com/sales/people/ACwAAAL9S20BRpd0D_-0lX1iktb9VWwI-6LFH4c,OUT_OF_NETWORK,R8YI?_ntb=sFxGsyzlQ8uOeKimZjpOPA%3D%3D"
"https://www.linkedin.com/sales/people/ACwAACvFRxABbgcs9AS76zjXge6ACFIgMdebFQ4,OUT_OF_NETWORK,XxZm?_ntb=sFxGsyzlQ8uOeKimZjpOPA%3D%3D"
"https://www.linkedin.com/sales/people/ACwAABpzE-8BmidHTXmWsrxTj013qjiGZal20cA,OUT_OF_NETWORK,WeIL?_ntb=sFxGsyzlQ8uOeKimZjpOPA%3D%3D"
"https://www.linkedin.com/sales/people/ACwAAAamfPsBZjqIQIXnGwOaDwvfSNWwF9wCR_M,OUT_OF_NETWORK,T1Em?_ntb=sFxGsyzlQ8uOeKimZjpOPA%3D%3D"
""
