"https://www.linkedin.com/sales/people/ACwAAAZD0vwBIUCLZ84KpaQk4azm_qTa7LTYO6c,OUT_OF_NETWORK,Nx1i?_ntb=JwmV5SbqQsGVSje1yQfRcw%3D%3D&lipi=urn%3Ali%3Apage%3Ad_sales2_search_people%3Bh9udZ%2FSRQX2hbWyr%2BvPyEA%3D%3D"
"https://www.linkedin.com/sales/people/ACwAAAQ6zYABDSvF_TwSMHI3paikm7vaub-m6Qk,OUT_OF_NETWORK,wqbJ?_ntb=JwmV5SbqQsGVSje1yQfRcw%3D%3D&lipi=urn%3Ali%3Apage%3Ad_sales2_search_people%3Bh9udZ%2FSRQX2hbWyr%2BvPyEA%3D%3D"
"https://www.linkedin.com/sales/people/ACwAACOW0bUBL1eEtEMPBdZirU7IGli6Qg2c21k,OUT_OF_NETWORK,knxr?_ntb=JwmV5SbqQsGVSje1yQfRcw%3D%3D&lipi=urn%3Ali%3Apage%3Ad_sales2_search_people%3Bh9udZ%2FSRQX2hbWyr%2BvPyEA%3D%3D"
"https://www.linkedin.com/sales/people/ACwAAB8isUUBZXMEOKhV2LsAA_k0ovHAXy8uP5o,OUT_OF_NETWORK,YkpP?_ntb=JwmV5SbqQsGVSje1yQfRcw%3D%3D&lipi=urn%3Ali%3Apage%3Ad_sales2_search_people%3Bh9udZ%2FSRQX2hbWyr%2BvPyEA%3D%3D"
"https://www.linkedin.com/sales/people/ACwAAADAkacBZlO8ASbtXmry9ykg8QPK3l5p0GI,OUT_OF_NETWORK,X8Fm?_ntb=JwmV5SbqQsGVSje1yQfRcw%3D%3D&lipi=urn%3Ali%3Apage%3Ad_sales2_search_people%3Bh9udZ%2FSRQX2hbWyr%2BvPyEA%3D%3D"
"https://www.linkedin.com/sales/people/ACwAAAgAi64BJ639a5F_eNQx2HnIAF-n_kTm4gw,OUT_OF_NETWORK,VZJy?_ntb=JwmV5SbqQsGVSje1yQfRcw%3D%3D&lipi=urn%3Ali%3Apage%3Ad_sales2_search_people%3Bh9udZ%2FSRQX2hbWyr%2BvPyEA%3D%3D"
"https://www.linkedin.com/sales/people/ACwAAAxxqPgB5zGpoXvAkekRBMgvzcsPixH_-Ms,OUT_OF_NETWORK,50qs?_ntb=JwmV5SbqQsGVSje1yQfRcw%3D%3D&lipi=urn%3Ali%3Apage%3Ad_sales2_search_people%3Bh9udZ%2FSRQX2hbWyr%2BvPyEA%3D%3D"
"https://www.linkedin.com/sales/people/ACwAAB-ZB_0BppbvJhnb3_BrY_Z8ehr9iggiPCw,OUT_OF_NETWORK,5KDJ?_ntb=JwmV5SbqQsGVSje1yQfRcw%3D%3D&lipi=urn%3Ali%3Apage%3Ad_sales2_search_people%3Bh9udZ%2FSRQX2hbWyr%2BvPyEA%3D%3D"
"https://www.linkedin.com/sales/people/ACwAABszI0IB5xgT1S_I6coz_k0ihJLZhZEhVLA,OUT_OF_NETWORK,zLa5?_ntb=JwmV5SbqQsGVSje1yQfRcw%3D%3D&lipi=urn%3Ali%3Apage%3Ad_sales2_search_people%3Bh9udZ%2FSRQX2hbWyr%2BvPyEA%3D%3D"
"https://www.linkedin.com/sales/people/ACwAADGFYtwBqJqjD90jUU7FlfWV-bKFh92xSeM,OUT_OF_NETWORK,MGJg?_ntb=JwmV5SbqQsGVSje1yQfRcw%3D%3D&lipi=urn%3Ali%3Apage%3Ad_sales2_search_people%3Bh9udZ%2FSRQX2hbWyr%2BvPyEA%3D%3D"
